,label,年齢,性別,学歴,出身校ランキング,IT経験総年数,日本語会話,日本語読み,日本語書き,英語会話,英語読み,英語書き,論理的思考力,分析力,コミュニケーション力,リーダーシップ,カスタマーサービス能力,英語力,資料作成能力,自己主張,責任感,顧客中心主義,情緒的安定性,外向性,イメージ_マネジメント,行動力,包容力,楽観的,チームワーク,決断力,先見的,仕事への意欲
0,1,0.75,-1.0,0.5,0.75,0.0,-2.7688746209726913,-2.7688746209726913,-2.7688746209726913,0.3611575592573077,0.3611575592573077,0.3611575592573077,0.3611575592573077,0.3611575592573077,0.3611575592573077,0.3611575592573077,0.3611575592573077,0.3611575592573077,0.3611575592573077,0.3611575592573077,0.3611575592573077,0.3611575592573077,0.3611575592573077,0.3611575592573077,0.3611575592573077,0.3611575592573077,0.3611575592573077,0.3611575592573077,0.3611575592573077,0.3611575592573077,0.3611575592573077,0.3611575592573077
1,1,0.625,-1.0,0.5,0.75,0.0,-2.7688746209726913,-2.7688746209726913,-2.7688746209726913,0.3611575592573077,0.3611575592573077,0.3611575592573077,0.3611575592573077,0.3611575592573077,0.3611575592573077,0.3611575592573077,0.3611575592573077,0.3611575592573077,0.3611575592573077,0.3611575592573077,0.3611575592573077,0.3611575592573077,0.3611575592573077,0.3611575592573077,0.3611575592573077,0.3611575592573077,0.3611575592573077,0.3611575592573077,0.3611575592573077,0.3611575592573077,0.3611575592573077,0.3611575592573077
2,1,0.6941203755877641,-1.0341414410476428,0.49584174756471017,0.7561279509572693,-0.0023067358246292103,-2.804094278050346,-2.8000636270501893,-2.8023814727864162,0.39616083449468853,0.4019646612198663,0.3981472314646037,0.357297752608939,0.35574522483048804,0.3572609881038514,0.3693908966650004,0.3670700968064943,0.37972315168576193,0.3603317562534364,0.3665083581234004,0.34976662730742253,0.35712496742111244,0.3552008312874146,0.37076511092557285,0.3677101647840867,0.3560581702738851,0.3553260531655662,0.3549620572214059,0.35195628815163466,0.36006281261474193,0.3656884338168763,0.35231690866070503
3,1,0.7295921745341604,-1.0511900337402205,0.4937653164034347,0.7591879547738857,-0.0034586086898841283,-2.8216812799420143,-2.815637915796806,-2.8191131821535045,0.41363978570812865,0.42234176420603836,0.4166180937347152,0.35537035091173724,0.3530425654720239,0.3553152279820035,0.37350222915879994,0.3700225335333152,0.3889939151244648,0.35991938997289,0.3691802895840737,0.344078544050144,0.35511128511594053,0.35222632799104003,0.375562659890673,0.37098222065733755,0.3535117808101811,0.35241407964916865,0.3518683216468374,0.34736161614831473,0.35951614882323335,0.36795093453556166,0.34790231318570597
4,1,0.7189359436995779,-1.0767963879805527,0.49064659377159936,0.7637839670734325,-0.00518867903407068,-2.848096304840787,-2.839029920162112,-2.84424358938568,0.4398925224935931,0.45294741752092016,0.44436064415758864,0.35247546501048316,0.3489832713020182,0.3523927684074698,0.37967729815917867,0.3744569840514544,0.4029182581462264,0.35930003110574815,0.3731934315906673,0.33553525385248506,0.3520868089399,0.3477587343034295,0.38276840059319905,0.3758967272852716,0.3496871982292481,0.3480404033731317,0.3472216454972683,0.3404605891218218,0.3586950800729766,0.3713491267451091,0.3412717544293924
5,1,0.6652672914487718,-1.0512314595220618,0.4937602709556463,0.7591953901706264,-0.0034614075856572546,-2.821724013985624,-2.815675759218817,-2.8191538379515855,0.413682257203157,0.42239127781916086,0.41666297543988706,0.3553656675854552,0.3530359983741412,0.3553105000472246,0.37351221914249166,0.37002970755652936,0.3890164418297853,0.35991838797842135,0.36918678201730737,0.3440647227746663,0.35510639213941303,0.35221910034903675,0.3755743172878778,0.37099017131198814,0.35350559342707516,0.35240700394610075,0.3518608042864724,0.3473504517147762,0.3595148205039183,0.3679564321072896,0.3478915863138543
6,1,0.6834766259172331,-1.0597461102179755,0.49272323016575936,0.7607236608083545,-0.004036692318573477,-2.8305075646631606,-2.8234540920645816,-2.8275102262690996,0.42241184367384293,0.43256830047730993,0.4258879562414287,0.35440305721061005,0.351686197789288,0.3543387208467756,0.3755655593043869,0.37150425550802174,0.3936465783922812,0.3597124381442656,0.3705212360383106,0.34122389931560815,0.354100690275907,0.35073353159745885,0.37797037744198986,0.3726243480044945,0.35223383937615965,0.35095266470678793,0.3503156868543197,0.3450557152590454,0.3592417978963206,0.3690864024025649,0.34568678623966737
7,1,0.6858544869634366,-1.0768379642830797,0.49064152999116334,0.7637914294867066,-0.00519148809963885,-2.8481391941586542,-2.839067901088294,-2.8442843929067085,0.43993514830890873,0.4529971110418842,0.4444056889405525,0.35247076466732297,0.34897668034256835,0.3523880232937276,0.37968732444150205,0.3744641841415005,0.402940866702389,0.35929902547053,0.373199947614174,0.3355213823573671,0.3520818981847296,0.3477514803997702,0.3827801003475868,0.3759047068286466,0.3496809883642696,0.3480333019604784,0.3472141008225549,0.3404493841222851,0.3586937469272099,0.37135464429227816,0.34126098858142406
8,1,0.6803166680144936,-1.0896447793230402,0.48908172559527074,0.766090088596443,-0.006056769064518219,-2.861350459416466,-2.8507672265958885,-2.856853166824333,0.45306524645363566,0.46830428587442885,0.45828090556326456,0.35102291043742423,0.34694645654967204,0.35092637830977036,0.3827757362397845,0.37668203940729283,0.4099050164583032,0.3589892580440389,0.37520708876848125,0.3312485235049426,0.35056923040642063,0.3455170488405598,0.3863839944254798,0.37836265835137745,0.3477681537116148,0.3458458424499932,0.34489010258994457,0.33699789017337867,0.35828309590204105,0.3730542231815431,0.33794476719329897
9,1,0.6858544869634366,-1.0768379642830797,0.49064152999116334,0.7637914294867066,-0.00519148809963885,-2.8481391941586542,-2.839067901088294,-2.8442843929067085,0.43993514830890873,0.4529971110418842,0.4444056889405525,0.35247076466732297,0.34897668034256835,0.3523880232937276,0.37968732444150205,0.3744641841415005,0.402940866702389,0.35929902547053,0.373199947614174,0.3355213823573671,0.3520818981847296,0.3477514803997702,0.3827801003475868,0.3759047068286466,0.3496809883642696,0.3480333019604784,0.3472141008225549,0.3404493841222851,0.3586937469272099,0.37135464429227816,0.34126098858142406
10,1,0.7116808745642442,-1.1045564199791122,0.48726556423331324,0.7687665369193278,-0.007064260683204127,-2.8767330224910355,-2.8643893596042376,-2.8714876438244485,0.4683533024380637,0.4861272254460842,0.47443654173490124,0.3493370984747108,0.3445825614237868,0.3492245090550404,0.3863717346820409,0.37926440361318486,0.41801373812807335,0.35862857972266254,0.3775441075780491,0.3262734117708646,0.34880795265923814,0.3429153839943376,0.3905801956889795,0.3812245791133034,0.3455409408654956,0.3432988696024675,0.34218415060876095,0.3329791363042777,0.35780495356116554,0.37503313125386917,0.3340835182003678
11,1,0.709015579171222,-1.110958617446168,0.4864858094136077,0.7699156492852096,-0.007496819409503924,-2.883337406852507,-2.870237916946346,-2.8777708432216706,0.4749171109120733,0.4937793665627411,0.4813728390453255,0.34861330816038205,0.3435676413531931,0.34849382466670287,0.38791564877235096,0.38037312169185206,0.42149515499779416,0.3584737252778167,0.3785474885103132,0.32413738606605635,0.34805176169461743,0.34179837933517354,0.39238180221371116,0.3824533226349263,0.34458470427350046,0.3422053465295085,0.34102237107561123,0.33125371544450116,0.35759966684897543,0.3758827601136569,0.3324257208397435
12,1,0.7240353654553601,-1.0639983450382264,0.49220532977098524,0.7614868824427585,-0.004323990748095549,-2.834894088710986,-2.8273386081711713,-2.8316834245181273,0.42677141788102146,0.4376507274210518,0.43049493143998685,0.35392232752475045,0.35101210448208264,0.3538534122297436,0.3765910017853592,0.37224064791769207,0.3959588785225742,0.3596095863553552,0.37118766523861313,0.3398051859869933,0.353598440608185,0.3499916353765877,0.37916697502216073,0.3734404593498081,0.3515987226754014,0.35022636457132483,0.34954405189464605,0.343909718951171,0.3591054498204917,0.3696507119916505,0.34458570435363667
13,1,0.7252060148236903,-1.0725447291577546,0.4911644240128375,0.7630208488231868,-0.00490141952129959,-2.8437103749809083,-2.835145930242687,-2.8400709564280024,0.43553353882380136,0.44786567903044994,0.43975429300875774,0.35295612957786127,0.34965727329817325,0.35287801128576934,0.3786519945821668,0.3737206913917203,0.4006062712345211,0.3594028689626038,0.3725270926632538,0.33695377500562085,0.35258899057409576,0.34850053002883136,0.3815719651012447,0.37508072648842866,0.35032222889863296,0.3487666051257336,0.347993175933135,0.34160643019580583,0.3588314096794246,0.3707848935960367,0.3423726871655317
14,1,0.6814972110772043,-1.0981908771438338,0.4880408547068407,0.7676240035899189,-0.006634178494205199,-2.870166450346094,-2.8585742871268045,-2.865240417756927,0.46182707387062705,0.47851889528908387,0.46753995694898454,0.350056744857586,0.34559167075179364,0.3499510100411418,0.3848366599945715,0.3781620333007537,0.4145522534853857,0.35878254757619604,0.37654647132310776,0.32839720804412526,0.3495598141883011,0.344025993443937,0.3887889039388407,0.3800028705420341,0.3464917026966211,0.3443861319054666,0.3433392785818466,0.33469467857680324,0.35800906494115403,0.37418836679152684,0.33573182413994057
15,1,0.6933164659176101,-1.11524624848502,0.48596359794092703,0.7706852240870549,-0.0077865093527699535,-2.8877604449619163,-2.8741547683276982,-2.8819787797774317,0.4793129748464585,0.49890410036457766,0.48601816337277987,0.3481285768109812,0.3428879367956527,0.34800447627044323,0.38894962718507536,0.38111564393861064,0.42382670304932,0.35837001733571683,0.3792194651638147,0.3227068631621864,0.3475453312279079,0.34105030746269244,0.39358836044547246,0.3832762274092961,0.34394430076932525,0.3414730005665096,0.34024431291475815,0.3300981796973567,0.35746218379201267,0.3764517670975051,0.33131547338859624
16,1,0.67920617806544,-1.1088695988528212,0.48674024116536146,0.7695406972299935,-0.007355676743004734,-2.881182415257868,-2.8683295495311287,-2.875720653355762,0.4727753591126434,0.4912824949567236,0.47910954521144755,0.34884947885522505,0.34389880684896873,0.34873224487803806,0.3874118740515955,0.3800113501762071,0.4203591787006773,0.358524253837145,0.3782200882021385,0.32483436510117236,0.3482985046283276,0.34216285473816693,0.39179394319383154,0.38205238716295237,0.34489672151923445,0.3425621599585569,0.34140145639102176,0.3318167153013424,0.3576666513118788,0.37560552866388147,0.3329666553435862
17,1,0.7095755774883156,-1.103489127405262,0.48739555499551296,0.7685749715855599,-0.006992150018278603,-2.8756320239010793,-2.8634143628392845,-2.8704401890886047,0.46725906814170926,0.4848515582349606,0.47328021085827215,0.34945775954951874,0.3447517559323864,0.34934631942179556,0.386114353048355,0.37907957229894557,0.41743336078253696,0.358654395077447,0.37737683672717975,0.32662950268871366,0.3489340151565456,0.34310159674141644,0.390279854864639,0.3810197386905356,0.3457003524142227,0.34348116779947074,0.34237782765083324,0.3332667764278262,0.357839176339291,0.3748914919843455,0.3343598849980256
18,1,0.6934934171339887,-1.0960421889690857,0.4883025539076114,0.767238341609836,-0.0064890043059882205,-2.867949904753427,-2.8566114101513604,-2.8631316673920923,0.45962414624741765,0.475950704411893,0.46521201563131354,0.35029966140263136,0.34593229547716653,0.3501962403566348,0.3843184957289818,0.3777899283419453,0.4133838297843313,0.35883451940558114,0.37620971933208935,0.32911409520615015,0.34981360495184655,0.3444008795224491,0.38818425363632186,0.3795904829691271,0.34681263223184,0.344753137157612,0.34372919188230155,0.33527375965278433,0.35807796271151887,0.37390321665466447,0.3362882096002817
19,1,0.7208226710064787,-1.1280137125021261,0.48440858629781797,0.7729768201926894,-0.008649131601105208,-2.9009311164577762,-2.885818145754213,-2.8945089340922796,0.4924027286283944,0.5141642414120019,0.49985074613494807,0.3466851713487669,0.34086395119567364,0.346547322428506,0.3920285493356291,0.3833266844832581,0.43076945432205566,0.35806120172004224,0.3812204390503674,0.3184471333637717,0.34603731136745586,0.3388227415579853,0.3971811809724647,0.3857266264760695,0.34203734361235516,0.3392922623812658,0.3379274555448275,0.3266572910251596,0.3570527945589308,0.3781461237541146,0.3280094416302289
20,1,0.7084964194840684,-1.102956086720469,0.4874604766173788,0.7684792976164945,-0.006956135602780409,-2.875082149333669,-2.8629274176885406,-2.869917056066448,0.4667125718829106,0.48421444846726847,0.47270270154411836,0.34951802162153095,0.3448362571824999,0.3494071554876513,0.3859858082747526,0.37898726151863366,0.4171435014269274,0.3586672881067153,0.3772932962144113,0.32680734609486994,0.3489969748749376,0.34319459745429687,0.3901298548715722,0.3809174347095086,0.3457799677354376,0.34357221345850364,0.34247455627582735,0.33341043327711645,0.35785626830969774,0.3748207527184026,0.3344979115810703
21,1,0.7089483136519381,-1.1440466011195478,0.48245586268415763,0.7758545181496624,-0.009732379332051505,-2.917470337467277,-2.90046456503777,-2.9102438183433645,0.5088403362953566,0.5333273376519198,0.517221169769584,0.3448725984702021,0.3383223081846377,0.3447174848652337,0.39589494095697214,0.3861032238753754,0.43948789345022476,0.35767340298704425,0.38373318483970226,0.31309792906550304,0.3441435982210476,0.3360254502564171,0.40169290634364824,0.3888037430634492,0.33964266040393315,0.3365537755227223,0.33501803546698106,0.32233635581419146,0.35653869935831933,0.3802738314584174,0.32385785452753224
22,1,0.7261253794661537,-1.1112036764788114,0.4864559624801448,0.7699596342397867,-0.007513376603119706,-2.8835902050598654,-2.8704617841125795,-2.878011347325787,0.4751683559827501,0.49407227010240046,0.48163834199454986,0.3485856033988249,0.3435287929215429,0.3484658560183918,0.3879747456832793,0.3804155604609202,0.421628414344247,0.35846779786294863,0.3785858952545442,0.324055624702772,0.3480228167226391,0.3417556233779196,0.39245076290329106,0.38250035565762286,0.34454810208879455,0.34216348938470603,0.34097790125567784,0.331187670938849,0.3575918090215088,0.3759152816388921,0.33236226478116293
23,1,0.7161220173755583,-1.118431411274191,0.48557566144737413,0.7712569199722907,-0.008001712018140867,-2.8910461979274857,-2.877064489140322,-2.8851047397341434,0.48257854086722596,0.5027111236980002,0.48946904663614016,0.34776848326681514,0.3423830030351005,0.34764095284956525,0.38971774121708347,0.38166724322713996,0.42555874576185543,0.35829297556716794,0.37971865807769417,0.3216441671696499,0.3471691180082422,0.340494585510346,0.39448467926300845,0.3838875406595742,0.34346856267687503,0.34092896095838887,0.33966631497619865,0.32923976407576755,0.35736005142259675,0.3768744666850651,0.33049070119245294
24,1,0.677929062103625,-1.0725538541917097,0.4911633126304969,0.7630224866497941,-0.004902036046029622,-2.8437197881912724,-2.8351542661749365,-2.8400799118543443,0.4355428942014677,0.4478765856055558,0.43976417929370987,0.35295509796157193,0.3496558267354652,0.3528769698433758,0.3786541951185561,0.3737222716444642,0.4006112332881458,0.35940264824900126,0.37252852277926063,0.3369507305342209,0.35258791277725116,0.3484989379652477,0.38157453292593246,0.37508247781309717,0.350320865977321,0.3487650465303884,0.34799152005205003,0.341603970958331,0.35883111708485393,0.3707861045696492,0.34237032431163916
25,1,0.707703186887135,-1.137645691205705,0.48323546068648465,0.7747056368830753,-0.009299907598129039,-2.910867281321055,-2.8946171839056793,-2.9039618825675184,0.5022778478763333,0.5256767354660646,0.5102862674257995,0.34559624322223764,0.3393370241435018,0.3454480223048031,0.39435133736498046,0.3849947287722617,0.43600717673220957,0.3578282262889366,0.3827300056985184,0.31523352519175285,0.34489963710724364,0.33714223027350393,0.3998916621420534,0.38757524665583326,0.3405987046860999,0.3376470786760127,0.3361795813533278,0.3240614296726168,0.3567439447850652,0.3794243734684559,0.3255153184866443
26,1,0.6850757079230173,-1.1152551453616044,0.4859625143469841,0.7706868209623392,-0.007787110462251976,-2.8877696228095036,-2.8741628958328462,-2.8819875112871793,0.47932209630736555,0.49891473423762955,0.4860278024664565,0.3481275709886627,0.34288652640200945,0.34800346086770717,0.3889517727004532,0.38111718467957706,0.4238315410344629,0.35836980214071673,0.37922085952198104,0.3227038948130885,0.3475442803797077,0.34104875520619815,0.3935908640656726,0.38327793494479806,0.34394297192575424,0.3414714809414322,0.34024269843642047,0.3300957819493142,0.3574618985133171,0.37645294779259403,0.3313131696142133
27,1,0.7128889860762934,-1.120559500170418,0.4853164711330901,0.7716388846459724,-0.008145494434591071,-2.8932414936987243,-2.8790085481923477,-2.8871932737006154,0.48476034922324396,0.5052546935623342,0.49177467019167714,0.3475278955406406,0.3420456438480554,0.3473980735348504,0.39023093788888624,0.38203578084947964,0.42671596789093125,0.3582415019869943,0.3800521816579374,0.3209341527397844,0.3469177603137135,0.34012329343064485,0.3950835328379536,0.38429597471024696,0.3431507098639835,0.34056547415228716,0.33928013973916765,0.3286662345975058,0.3572918141689034,0.3771568831134448,0.32993964974902384
28,1,0.672744080016082,-1.08963947537523,0.48908237158891427,0.7660891366058106,-0.006056410708044396,-2.8613449879654294,-2.850762381315332,-2.856847961461354,0.45305980861799255,0.4682979464015642,0.4582751591364919,0.3510235100668596,0.3469472973677058,0.35092698365065234,0.38277445717274544,0.37668112088160605,0.40990213225276645,0.3589893863343483,0.375206257510132,0.331250293111225,0.35056985687841424,0.3455179742313254,0.38638250187123885,0.37836164038972536,0.34776894591288693,0.3458467483872652,0.34489106507478545,0.33699931961104246,0.358283265973335,0.3730535193002346,0.3379461406077751
29,1,0.7074571393630621,-1.1336441263119883,0.4837228307696938,0.7739874072867672,-0.009029545457233052,-2.9067393435713273,-2.8909616606483137,-2.9000346950264397,0.4981752712698114,0.5208939184080551,0.5059508741561289,0.34604863381580075,0.33997137954183415,0.3459047219008097,0.3933863448831818,0.3843017468135743,0.4338311870664809,0.35792501494834933,0.38210286260675447,0.3165686051414764,0.3453722790762774,0.3378403915928367,0.39876560418168056,0.38680724520557974,0.34119638115520357,0.33833056330168043,0.33690572830802784,0.3251398693138332,0.3568722551198954,0.378893330020404,0.32655149141840817
30,1,0.6879528304113055,-1.1088495096416247,0.48674268792826364,0.7695370914741377,-0.007354319433479011,-2.881161691612129,-2.8683111975661593,-2.875700937544069,0.4727547627884332,0.4912584835950325,0.4790877800687276,0.3488517500092408,0.3439019915279404,0.3487345376647056,0.38740702946246974,0.38000787117204415,0.4203482544954931,0.358524739749,0.37821693973138876,0.32484106765474496,0.3483008774511079,0.3421663597444747,0.3917882900014465,0.38204853153553076,0.34489972205755737,0.3425655912828911,0.3414051018946985,0.33182212943363576,0.3576672954732216,0.37560286264589454,0.3329718572826814
31,1,0.69694915019221,-1.118980952319147,0.48550873016625773,0.7713555555444622,-0.00803884126566545,-2.891613093950604,-2.8775665077565553,-2.885644066423172,0.4831419540056458,0.5033679553010609,0.49006443284403356,0.34770635577266773,0.34229588603519373,0.34757823359350254,0.3898502651148353,0.38176241150250906,0.42585757776045563,0.35827968343210426,0.3798047846004768,0.3214608185922414,0.3471042093616373,0.3403987059454347,0.3946393225299953,0.3839930114767944,0.34338648285058193,0.3408350969663315,0.33956659210105455,0.3290916603055934,0.357342430367496,0.376947395696367,0.3303484019743219
32,1,0.7156976991671902,-1.1373631069898233,0.48326987799482923,0.774654916639199,-0.009280815049184222,-2.910575772852944,-2.8943590366056213,-2.903684550763239,0.5019881303722468,0.5253389804517289,0.5099801087753246,0.34562819033406755,0.3393818213235025,0.34548027371160484,0.39428319111444016,0.38494579147682434,0.4358535117661804,0.3578350613517565,0.3826857178402583,0.31532780643690367,0.3449330143393414,0.3371915333272398,0.39981214170087087,0.387521011601953,0.3406409116578367,0.3376953452847373,0.33623086070859476,0.3241375873830334,0.35675300585900016,0.37938687201581117,0.32558849138855067
33,1,0.6966836682664129,-1.1284479386683186,0.4843556997775766,0.7730547582225187,-0.008678469702333843,-2.9013790558592234,-2.886214821527725,-2.894935089267861,0.49284791598850886,0.5146832444445304,0.5003211973830038,0.3466360805959534,0.3407951146979689,0.34649776408822097,0.3921332646150023,0.3834018827887095,0.43100557985677,0.35805069878690876,0.38128849291120026,0.31830225838022735,0.3459860230550965,0.33874698121893554,0.3973033741254011,0.38580996545325247,0.3419724872952153,0.3392180946702482,0.3378486583700705,0.32654026513071255,0.35703887107992793,0.3782037494497247,0.32789700226922325
34,1,0.7019087291693465,-1.132844031168372,0.48382027825513413,0.7738438004661181,-0.00897548774688874,-2.9059139807359293,-2.890230754994332,-2.899249471304435,0.497354979282458,0.5199376153609832,0.5050840315100993,0.34613908730750753,0.3400982160887884,0.34599603695843373,0.39319339891858546,0.3841631881460315,0.4333961075887391,0.3579443674113007,0.3819774681284941,0.31683554845302686,0.3454667817406442,0.33797998585055716,0.3985404538893689,0.3866536867235962,0.3413158839130208,0.3384672230196303,0.3370509181693541,0.3253554985345351,0.3568979102019695,0.3787871502394631,0.326758669598113
35,1,0.715943155930612,-1.141364694647528,0.4827825051390831,0.7753731503213511,-0.00955117872810863,-2.9147037340855664,-2.898014580658423,-2.9076117606451892,0.5060907303173893,0.5301218247180913,0.5143155267080565,0.3451757971669577,0.3387474623164673,0.3450235715175387,0.3952481890858605,0.38563877737772767,0.4380295138106169,0.35773827214173537,0.383312864499696,0.31399271889221547,0.3444603696815556,0.3364933680362268,0.4009382060671301,0.3882890174211912,0.34004323178868817,0.3370118567708817,0.33550470962301066,0.3230591416068203,0.3566246947942419,0.3799179184848479,0.3245523125622359
36,1,0.711067054419238,-1.1508474307804109,0.4816275565075141,0.7770751798836635,-0.01019187128477904,-2.9244859431695933,-2.9066772822259135,-2.916918240531313,0.5158128396565809,0.5414559385804381,0.524589354947882,0.3441037414233424,0.33724419421595486,0.34394130448552723,0.39753498670583187,0.3872809761758528,0.44318608039794993,0.357508906545464,0.3847990411867455,0.3108289039308713,0.34334032310060153,0.33483889541232575,0.40360668972094127,0.3901089941792491,0.33862688383485556,0.3353921643434849,0.33378391784579164,0.3205035017947674,0.35632063048924306,0.38117636237535696,0.32209683457776506
37,1,0.701485886070529,-1.1416608706761582,0.4827464324176474,0.7754263101213617,-0.00957118959568402,-2.915009263607546,-2.898285144397782,-2.907902431630291,0.5063943827330674,0.5304758251652988,0.5146364110608697,0.34514231345422275,0.33870051046947536,0.34498976887376936,0.39531961305336016,0.38569006847255877,0.43819056979612586,0.35773110832419824,0.3833592825274513,0.3138939028820008,0.3444253870622378,0.3364416935907548,0.4010215513041982,0.38834586108749664,0.339998994734504,0.336961268621636,0.33545096381931716,0.3229793208420605,0.35661519789829954,0.37995722369259827,0.3244756201701206
38,1,0.7137226586113816,-1.146170652339498,0.48219716413813807,0.7762357581122178,-0.009875888946527639,-2.9196614680489548,-2.902404935577944,-2.9123283896821173,0.5110180050518238,0.5358660815375471,0.519522418807896,0.3446324672171363,0.33798558907761395,0.34447506637151604,0.3964071639278968,0.3864710622620688,0.44064291995281823,0.3576220270689814,0.38406607561731687,0.31238926176376963,0.34389271743375815,0.33565486263846306,0.4022906236987311,0.3892114021819845,0.33932541066113153,0.33619097836922707,0.3346325929298838,0.3217639145077502,0.3564705915728737,0.3805557120510458,0.3233078486077861
39,1,0.701718132586468,-1.140862094418111,0.48284371926958897,0.7752829400237635,-0.009517220994659563,-2.914185261309256,-2.8975554435766595,-2.9071185022796415,0.5055754429239807,0.5295210984986093,0.5137709973277207,0.3452326178414063,0.33882713793768104,0.3450809334066556,0.3951269851429982,0.3855517382066362,0.43775620750814476,0.35775042888633846,0.38323409475081777,0.3141604061612824,0.34451973394738106,0.336581057739777,0.40079677215208626,0.38819255573299116,0.3401183005026706,0.3370977030682148,0.33559591434809105,0.32319459461720107,0.3566408106902563,0.37985121893956736,0.3246824568350522
40,1,0.7202145553422082,-1.1687808701600322,0.47944335555743195,0.7802940023364161,-0.011403528022350902,-2.9429857359666163,-2.9230598991465335,-2.9345183498812633,0.5341989737884649,0.5628906427653717,0.5440188817588896,0.34207630478266315,0.3344012629170046,0.3418945565913368,0.4018597033189,0.3903866486508403,0.4529380099049041,0.35707513785688494,0.38760964976544365,0.30484560090287094,0.34122212776326216,0.33171001108082065,0.40865323843541945,0.39355087449792353,0.3359483330648484,0.3323290551782272,0.3305296129079267,0.31567035965062695,0.35574559405410544,0.3835562901627431,0.31745311519493796
41,1,0.7140356075099283,-1.1697900473029272,0.4793204429566948,0.7804751366953974,-0.011471712170338818,-2.944026783790397,-2.9239818061040954,-2.93550876938153,0.5352336256429879,0.564096848282911,0.5451122489563285,0.34196221385603554,0.3342412812634584,0.3417793789531625,0.4021030701969996,0.3905614156661758,0.45348678496969874,0.3570507281808295,0.38776781250685677,0.3045088995860151,0.3411029295284239,0.3315339378534115,0.4089372253218917,0.3937445611005132,0.33579760167663253,0.33215668334868936,0.33034648182583015,0.31539838189571995,0.35571323474954664,0.38369021699484324,0.3171917969190642
42,1,0.7189128300134059,-1.1826527893253949,0.4777538269411378,0.7827838339814812,-0.012340771791600416,-2.957295742252856,-2.9357322222201643,-2.948132430763121,0.5484210625379794,0.579470869095227,0.5590480582396609,0.3405080368895364,0.33220219154330416,0.3403113510087897,0.40520496899826286,0.3927889562403189,0.4604813469616265,0.35673960800914856,0.389783718787222,0.3002173812853553,0.3395836559746654,0.329289748597667,0.41255685749863474,0.39621324642484784,0.3338764137316232,0.32995967126721787,0.3280123347616722,0.3119318153748194,0.3553007904234962,0.3853972178948511,0.3138610936902172
43,1,0.703699615725685,-1.1572660159729173,0.48084580574688823,0.7782272336361646,-0.01062553723304199,-2.9311072327949588,-2.912540810139064,-2.9232175230542436,0.5223934495322556,0.5491276669073263,0.5315434071208442,0.3433780984206178,0.3362266762511918,0.34320874976201027,0.3990828527580053,0.38839253224375253,0.44667640866163105,0.3573536557191975,0.3858049904764096,0.30868741063419536,0.3425821965115361,0.3337190315527425,0.4054129078236897,0.3913408829196169,0.3376681995609799,0.3342958421759984,0.3326191645018337,0.3187736643696658,0.35611481830399544,0.3820281660328701,0.3204347937479039
44,1,0.6829573050827662,-1.1280733523383881,0.4844013224716065,0.772987524778685,-0.008653161113119328,-2.900992639771288,-2.8858726281415574,-2.8945674653989415,0.4924638739561761,0.5142355251306938,0.4999153613921293,0.34667842886135425,0.34085449668147894,0.3465405157191685,0.3920429317073105,0.38333701277522547,0.43080188555104193,0.358059759169452,0.38122978607142016,0.3184272351610152,0.3460302670509466,0.33881233607216277,0.3971979638846908,0.38573807286815825,0.3420284357656247,0.3392820756387675,0.33791663295750707,0.32664121782246797,0.3570508822052484,0.3781540384937555,0.3279939983759944
45,1,0.7178426655940537,-1.1792526155384104,0.47816795067160384,0.7821735463786892,-0.012111042101120824,-2.953788188057503,-2.932626083824927,-2.944795456232303,0.5449350579854866,0.5754068567349324,0.5553642268028776,0.34089243816218034,0.332741210315792,0.3406994136882944,0.4043850042523703,0.3922001218334392,0.4586323845634965,0.35682185039965164,0.38925082839110414,0.3013518134310657,0.33998526506421445,0.329882983964363,0.4116000336406744,0.3955606671292783,0.33438426601374793,0.3305404356855712,0.3286293498311382,0.3128481774222441,0.3554098171289668,0.3849459844250024,0.3147415412488458
46,1,0.6726319123909053,-1.1061850006001104,0.4870672114653712,0.7690588462615583,-0.007174294271315148,-2.8784130350867203,-2.865877106147072,-2.873085953909203,0.4700229934052232,0.4880737647079325,0.47620098580888764,0.34915298186699173,0.3443243877002588,0.3490386387439424,0.38676447304740735,0.37954643752206674,0.41889933531198065,0.35858918809982543,0.37779934599426057,0.3257300530121407,0.3486155940265824,0.34263124215853197,0.39103848543838815,0.3815371448999399,0.34529769495019447,0.34302070097452386,0.34188861901303996,0.3325402265409102,0.35775273305985467,0.37524925846694107,0.3336618103931739
47,1,0.7052144794586573,-1.12484252191404,0.48479482104893096,0.7724076321384175,-0.00843487295496144,-2.8976597769474015,-2.882921188874546,-2.8913966866344234,0.4891514875097178,0.5103739181655357,0.49641500069595274,0.3470436852878258,0.3413666699874772,0.3469092511986011,0.3912638047526638,0.3827775048689143,0.4290450094783479,0.3581379055331541,0.3807234359221392,0.31950516767868525,0.34641187427060605,0.3393760257514543,0.39628879399376515,0.3851179948443535,0.342510994807296,0.3398339154768891,0.3385029180075074,0.32751194107604714,0.3571544789091724,0.37772527840259434,0.32883059583767377
48,1,0.6852466918406641,-1.1173946592723856,0.4857019325245171,0.771070836279659,-0.007931664799557345,-2.8899767044070686,-2.8761173919032705,-2.8840872579107018,0.48151561808018073,0.5014719596981994,0.48834580416217643,0.3478856916255278,0.3425473560436223,0.34775927761324127,0.38946772455765033,0.38148770086009937,0.4249949759113666,0.358318052215695,0.3795561736814457,0.3219900685475382,0.34729157322777454,0.34067546978053187,0.3941929326899618,0.38368856174455274,0.34362341266487556,0.34110604269333133,0.3398544499506113,0.32951917337851633,0.35739329491608507,0.3767368804225811,0.3307591597554791
49,1,0.724729163079342,-1.14148186382317,0.48276823453435747,0.7753941806862101,-0.009559095158309066,-2.914824603564404,-2.8981216174447764,-2.9077267519895766,0.5062108572006867,0.5302618696122312,0.5144424706584818,0.3451625507910212,0.33872888785845884,0.34501019897039736,0.3952764448749321,0.38565906847058534,0.4380932286127283,0.3577354380886246,0.3833312277753202,0.3139536266317423,0.34444653032836337,0.3364729252873463,0.4009711779884775,0.38831150514767027,0.3400257313204849,0.336991843767899,0.335483447431259,0.3230275639897887,0.35662093776004217,0.3799334678823189,0.3245219725499002
50,1,0.7046725758880106,-1.161752900119104,0.480299326267545,0.7790325718162495,-0.010928689533688194,-2.9357358165959577,-2.916639683900988,-2.9276210091865904,0.5269935963306304,0.5544905553276518,0.536404607137796,0.34287084082613767,0.3355153847301435,0.3426966605590814,0.40016488180983206,0.38916956069302505,0.4491163074993969,0.3572451283023034,0.38650819496529465,0.3071904090312194,0.34205223140688173,0.3329361955777184,0.40667553675619006,0.3922020294017847,0.33699803547642854,0.3335294629187517,0.3318049487274098,0.3175644290186682,0.3559709461883526,0.38262361568601505,0.31927295131282574
51,1,0.6885204734707993,-1.1270088467217183,0.4845309737967138,0.7727964596680007,-0.008581238746454565,-2.899894516153013,-2.8849001773272662,-2.893522745818919,0.4913724969683083,0.5129631889929616,0.4987620499730681,0.34679877486112376,0.34102324938259093,0.3466620080098079,0.3917862221588705,0.383152664099928,0.4302230237101104,0.35808550711414644,0.38106295200490614,0.3187823962399761,0.3461560003688044,0.33899806257304704,0.39689840732235804,0.385533767332919,0.3421874310525214,0.3394638978114064,0.33810980426231824,0.326928106848588,0.3570850156194828,0.37801276907837383,0.3282696435135845
52,1,0.7000949539679713,-1.1457949619424186,0.48224292130188495,0.7761683265024854,-0.009850505762006988,-2.9192739130264806,-2.9020617336005747,-2.911959682267418,0.5106328310823164,0.5354170426021783,0.5191153866436701,0.3446749403011034,0.3380451460853895,0.3445179440099218,0.39631656477024346,0.3864060010487327,0.4404386252722939,0.35763111415637183,0.3840071957432104,0.31251460690492494,0.34393709183570814,0.33572041012057385,0.40218490276866903,0.3891392976984969,0.3393815240357654,0.33625514791720024,0.3347007678676882,0.32186516475054183,0.3564826381001504,0.380505854575492,0.32340513060383447
53,1,0.6997119855288877,-1.1592714151262933,0.4806015584141053,0.7785871770739502,-0.010761030227122659,-2.933175964175898,-2.9143727892372855,-2.92518564772027,0.5244494710817995,0.5515245934932093,0.5337161056084289,0.3431513811893787,0.33590876668017555,0.3429798730581446,0.39956646233511145,0.3887398227338902,0.4477669139887493,0.3573051497219695,0.3861192855731214,0.3080183303438647,0.3423453302280383,0.3333691454067229,0.4059772359653949,0.3917257697074204,0.3373686717719854,0.3339533113096836,0.3322552532503959,0.3182332003259966,0.3560505151017053,0.38229430043513896,0.3199155118231317
54,1,0.7027191845563143,-1.178533187348547,0.4782555733357539,0.782044418242047,-0.012062434581113382,-2.953046039707537,-2.9319688693226262,-2.9440894001020204,0.5441974692320365,0.5745469697882293,0.5545847807073655,0.3409737719789453,0.33285525898626817,0.34078152220643493,0.40421151142822487,0.3920755328865177,0.45824117053899444,0.35683925171435976,0.3891380763975024,0.3015918430637378,0.34007023980916223,0.3300085040914985,0.41139758338392995,0.3954225906747302,0.33449172030018626,0.33066331713822894,0.328759901403603,0.3130420665380187,0.35543288562201364,0.38485050987024244,0.31492783137195607
55,1,0.7105008436900219,-1.0960106393948643,0.48830639648395885,0.7672326788657449,-0.006486872687319691,-2.8679173588165563,-2.8565825888763374,-2.8631007042319037,0.45959180026563723,0.4759129952041792,0.4651778340510138,0.3503032281898728,0.34593729693116115,0.35019984111738306,0.38431088743004477,0.37778446465803156,0.413366673609363,0.3588352825172824,0.3762047747421486,0.3291246213890519,0.3498173314071904,0.34440638404204266,0.388175375447378,0.3795844278083587,0.34681734449782164,0.34475852596161727,0.34373491704929277,0.33528226240418474,0.3580789743498503,0.37389902974401223,0.3362963791078831
56,1,0.7052968013195645,-1.152055547828167,0.48148041404656944,0.7772920214050556,-0.010273496628903075,-2.9257322135912864,-2.9077809254462514,-2.918103902227206,0.5170514532664331,0.5428999243653876,0.5258982585035985,0.34396715966024605,0.3370526752498962,0.3438034217865598,0.3978263286930749,0.3874901951540062,0.44384303593427926,0.3574796849702624,0.384988382677054,0.3104258284116136,0.34319762722150404,0.33462811272745807,0.403946659171599,0.3903408623781654,0.33844643864639923,0.33518581271603903,0.3335646859856444,0.32017790884547515,0.3562818921688538,0.3813366903119844,0.32178400241921307
57,1,0.7006627344985675,-1.1264424820677483,0.4845999541071332,0.7726948044736983,-0.008542972826885048,-2.899310265216859,-2.8843827899501457,-2.892966908222415,0.4907918355416282,0.5122862491956549,0.498148436655724,0.3468628043217942,0.3411130333759068,0.34672664734854924,0.39164964118428836,0.3830545823499966,0.4299150432907479,0.3580992061736525,0.380974188811108,0.31897135783720887,0.34622289612392865,0.3390968773878862,0.3967390298178027,0.38542506763988027,0.3422720236645622,0.3395606353487928,0.3382125800462062,0.3270807446566576,0.35710317612426457,0.37793760742369936,0.3284162990694829
58,1,0.7090126429112696,-1.1498478763948037,0.4817492971057611,0.7768957726862469,-0.01012433728975149,-2.9234548219980403,-2.9057641658825233,-2.915937264929506,0.5147880534671136,0.5402612345351793,0.523506413281027,0.3442167444643561,0.3374026504042906,0.34405538387602014,0.3972939403919824,0.3871078756078625,0.44264253804110104,0.35753308346913326,0.38464238656675925,0.3111623947161832,0.34345838475036045,0.3350132897373299,0.4033254107206917,0.38991715442701647,0.33877617796146203,0.3355628925643751,0.33396530272706776,0.3207728861735345,0.35635268123971314,0.3810437125692069,0.32235566111830627
59,1,0.7135481424098143,-1.1714907987436196,0.47911330015302067,0.7807803997744959,-0.011586621915113799,-2.945781246422244,-2.9255354823811466,-2.9371779088421563,0.5369773092416342,0.5661296487542341,0.5469548846614092,0.34176993809038037,0.33397166652865345,0.341585271768473,0.40251321282801206,0.3908559479543968,0.4544116275393471,0.3570095909117083,0.3880343618557159,0.30394146179399095,0.34090204649113315,0.33123720422513636,0.4094158242573768,0.3940709782917034,0.3355435762783459,0.3318661876319709,0.33003785369854427,0.3149400217735641,0.3556587000880794,0.383915921921124,0.3167514010606162
60,1,0.7255042709300782,-1.126550143193834,0.4845868415340843,0.7727141282655601,-0.008550246854250076,-2.8994213263737696,-2.884481140910526,-2.8930725682439946,0.490902214363175,0.5124149297204007,0.4982650793527275,0.34685063286337053,0.34109596619885557,0.34671435995746724,0.39167560407131236,0.3830732268603347,0.42997358776122024,0.3580966020984116,0.3809910619428126,0.31893543783725403,0.3462101798071942,0.339078093528115,0.3967693261321876,0.3854457305313155,0.34225594332514303,0.3395422463618799,0.33819304323975097,0.32705172950151884,0.3570997239660457,0.37795189501796217,0.32838842108983834
61,1,0.7235208590184983,-1.1798056381022723,0.47810059535933863,0.7822728068388695,-0.012148406574345844,-2.9543586755488844,-2.9331312828902276,-2.9453381997290147,0.545502040526977,0.5760678495770215,0.555963384973499,0.3408299170704164,0.3326535414017289,0.34063629708561355,0.4045183677315506,0.392295893030379,0.45893310975872376,0.3568084740546459,0.3893375005530526,0.3011673032815699,0.3399199452004996,0.32978649697163354,0.41175565662239344,0.39566680613797844,0.33430166618541,0.3304459770349967,0.328528995179572,0.31269913536714905,0.3553920844388262,0.385019375464999,0.31459834051949415
62,1,0.7011582381778702,-1.091758897107427,0.48882423689076204,0.7664695456346664,-0.006199607535335137,-2.863531342856154,-2.8526985227100092,-2.8589279893609496,0.4552327310243037,0.4708311569537121,0.4605713924745512,0.35078390219321376,0.34661131215870095,0.35068509352152266,0.38328556372522,0.37704815754407994,0.4110546413108659,0.3589381223929559,0.37553842273378457,0.33054317038928493,0.35031952289975216,0.34514819432969324,0.3869789164681069,0.3787684109925417,0.3474523876335422,0.3454847419703413,0.3445064626311323,0.33642812597226235,0.3582153066325952,0.3733347855184358,0.3373973334565171
63,1,0.7199150735243276,-1.1528274485435204,0.48138640049790454,0.7774305676872985,-0.010325649408004543,-2.9265284915941625,-2.908486074829629,-2.91886145557266,0.5178428391120908,0.5438225283981951,0.5267345546165151,0.3438798936450581,0.3369303082762829,0.34371532456604165,0.39801247546484936,0.3876238711742246,0.444262783714008,0.3574610144657415,0.3851093583988078,0.3101682918738794,0.34310645472182116,0.33449343761006295,0.4041638754277958,0.3904890096366977,0.33833114702766887,0.33505396872862436,0.3334246124472482,0.3199698781493273,0.3562571411422246,0.3814391284401475,0.32158412495914374
64,1,0.712048832226524,-1.1816033628673817,0.47788164170204966,0.7825954753864532,-0.012269868234757722,-2.956213174006018,-2.934773546570499,-2.9471025100644312,0.5473451453527625,0.578216556120722,0.5579110839498702,0.3406266781388604,0.3323685537931927,0.34043112231130324,0.4049518958458635,0.39260721893961575,0.4599106849360863,0.3567649912236462,0.38961924799368547,0.3005675113619668,0.3397076082285075,0.32947284420649237,0.41226154427786776,0.39601183496130915,0.3340331567850707,0.33013891785420874,0.32820276971572343,0.31221464050021974,0.35533444032391853,0.3852579496186786,0.3141328342013801
65,1,0.7179481362095621,-1.164571171721786,0.47995607523901324,0.7795384154372437,-0.011119103525305294,-2.938643091636271,-2.9192142410212165,-2.9303868973876805,0.5298830097114162,0.5578590568647821,0.5394579915168815,0.342552225585095,0.3350686130664039,0.34237501052051705,0.40084451864704174,0.38965762259560877,0.45064884040728054,0.3571769607884609,0.3869498870565842,0.30625012241596944,0.34171935327671443,0.3324444858909766,0.40746861078022395,0.3927429269595043,0.3365770965025009,0.3330480899153015,0.3312935289713493,0.31680489221325014,0.3558805781991817,0.3829976255319594,0.3185431826281686
66,1,0.7230390170721503,-1.1504226710065604,0.48167929006971383,0.7769989409498954,-0.010163172771853517,-2.9240477691172875,-2.9062892542235335,-2.9165013757956104,0.5153773576494477,0.540948250127074,0.5241291598208034,0.3441517619681337,0.3373115300364884,0.3439897824241011,0.3974325542827117,0.3872074172388188,0.4429551025423199,0.3575191805083199,0.384732470941128,0.31097062055238783,0.34339049329681504,0.3349130041302867,0.40348716045244404,0.3900274720420375,0.3386903262451613,0.3354647151536653,0.33386099719460954,0.32061797645412715,0.35633425042800526,0.38111999295467014,0.3222068226928789
67,1,0.7188021684795072,-1.1485659163802786,0.48190543326137636,0.7766656772990244,-0.010037722811847014,-2.92213237658527,-2.90459306538245,-2.9146791327909733,0.5134737328686031,0.5387289889292699,0.5221175064491804,0.3443616744273328,0.3376058754618018,0.34420169429114045,0.396984790894513,0.38688586867172114,0.44194542783107676,0.3575640911360141,0.38444147207745777,0.31159010716298813,0.3436098025385461,0.3352369559576325,0.40296466153441646,0.389671113896256,0.33896765238593457,0.3357818568905628,0.33419793455619456,0.32111838013273275,0.3563937873377202,0.3808735850104992,0.3226876143171013
68,0,0.7083333333333334,1.0,0.5,0.75,0.175,-2.6470588235294117,-2.6470588235294117,-2.6470588235294117,0.4117647058823528,-1.1176470588235294,0.4117647058823528,0.4117647058823528,0.4117647058823528,0.4117647058823528,0.4117647058823528,0.4117647058823528,0.4117647058823528,0.4117647058823528,0.4117647058823528,0.4117647058823528,0.4117647058823528,0.4117647058823528,0.4117647058823528,0.4117647058823528,0.4117647058823528,0.4117647058823528,0.4117647058823528,0.4117647058823528,0.4117647058823528,0.4117647058823528,0.4117647058823528
69,0,0.5416666666666666,1.0,0.5,0.5,0.05,-0.3611575592573077,-0.3611575592573077,-0.3611575592573077,2.7688746209726913,2.7688746209726913,2.7688746209726913,-0.3611575592573077,-0.3611575592573077,-0.3611575592573077,-0.3611575592573077,-0.3611575592573077,-0.3611575592573077,-0.3611575592573077,-0.3611575592573077,-0.3611575592573077,-0.3611575592573077,-0.3611575592573077,-0.3611575592573077,-0.3611575592573077,-0.3611575592573077,-0.3611575592573077,-0.3611575592573077,-0.3611575592573077,-0.3611575592573077,-0.3611575592573077,-0.3611575592573077
70,0,0.2916666666666667,1.0,1.0,0.5,0.025,-2.0343336780168375,-2.0343336780168375,-2.0343336780168375,-0.5231143743471869,-0.5231143743471869,-0.5231143743471869,0.23249527748763837,0.23249527748763837,0.9881049293224636,-0.5231143743471869,0.23249527748763837,-1.278724026182012,0.23249527748763837,-1.278724026182012,0.9881049293224636,0.9881049293224636,0.23249527748763837,0.23249527748763837,0.23249527748763837,0.9881049293224636,0.9881049293224636,0.23249527748763837,0.9881049293224636,0.9881049293224636,0.9881049293224636,0.9881049293224636
71,0,0.25,1.0,0.5,0.5,0.0,-1.973204531130264,-1.973204531130264,-1.973204531130264,-0.3699758495869246,-0.3699758495869246,-0.3699758495869246,0.43163849118474507,0.43163849118474507,0.43163849118474507,0.43163849118474507,0.43163849118474507,-1.973204531130264,0.43163849118474507,-0.3699758495869246,0.43163849118474507,0.43163849118474507,1.2332528319564147,0.43163849118474507,0.43163849118474507,1.2332528319564147,1.2332528319564147,1.2332528319564147,-0.3699758495869246,-0.3699758495869246,-0.3699758495869246,1.2332528319564147
72,0,0.4166666666666667,1.0,1.0,0.25,0.025,-1.8257418583505536,-1.8257418583505536,-1.8257418583505536,-1.8257418583505536,-1.8257418583505536,-1.8257418583505536,0.5477225575051663,0.5477225575051663,0.5477225575051663,0.5477225575051663,0.5477225575051663,0.5477225575051663,0.5477225575051663,0.5477225575051663,0.5477225575051663,0.5477225575051663,0.5477225575051663,0.5477225575051663,0.5477225575051663,0.5477225575051663,0.5477225575051663,0.5477225575051663,0.5477225575051663,0.5477225575051663,0.5477225575051663,0.5477225575051663
73,0,0.4166666666666667,-1.0,1.0,0.5,0.0,-1.9334729780913271,-1.9334729780913271,-1.9334729780913271,-0.6767155423319644,-0.6767155423319644,-0.6767155423319644,0.5800418934273983,0.5800418934273983,0.5800418934273983,0.5800418934273983,0.5800418934273983,-1.9334729780913271,1.836799329186761,0.5800418934273983,0.5800418934273983,0.5800418934273983,0.5800418934273983,0.5800418934273983,0.5800418934273983,0.5800418934273983,0.5800418934273983,0.5800418934273983,0.5800418934273983,-0.6767155423319644,-0.6767155423319644,0.5800418934273983
74,0,0.4583333333333333,1.0,0.5,0.75,0.05,-1.675982457382006,-1.675982457382006,-1.675982457382006,0.39904344223381144,0.39904344223381144,0.39904344223381144,0.39904344223381144,0.39904344223381144,0.39904344223381144,0.39904344223381144,0.39904344223381144,0.39904344223381144,0.39904344223381144,0.39904344223381144,0.39904344223381144,0.39904344223381144,0.39904344223381144,0.39904344223381144,0.39904344223381144,0.39904344223381144,0.39904344223381144,0.39904344223381144,0.39904344223381144,0.39904344223381144,0.39904344223381144,-3.7510083569978234
75,0,0.2916666666666667,-1.0,1.0,0.5,0.0,-1.6475089420958282,-2.7747519024771843,-1.6475089420958282,-0.5202659817144721,-0.5202659817144721,-0.5202659817144721,0.6069769786668838,0.6069769786668838,0.6069769786668838,0.6069769786668838,0.6069769786668838,-1.6475089420958282,-0.5202659817144721,0.6069769786668838,0.6069769786668838,1.73421993904824,0.6069769786668838,-0.5202659817144721,-0.5202659817144721,0.6069769786668838,0.6069769786668838,0.6069769786668838,0.6069769786668838,0.6069769786668838,0.6069769786668838,0.6069769786668838
76,0,0.2916666666666667,1.0,0.5,0.75,0.025,-1.6959086634280356,-1.6959086634280356,-1.6959086634280356,-0.33918173268560714,-0.33918173268560714,-0.33918173268560714,0.33918173268560714,0.33918173268560714,0.33918173268560714,-0.33918173268560714,0.33918173268560714,-1.0175451980568213,-0.33918173268560714,0.33918173268560714,1.0175451980568213,-1.6959086634280356,1.0175451980568213,0.33918173268560714,-1.6959086634280356,1.0175451980568213,1.0175451980568213,1.0175451980568213,1.0175451980568213,1.0175451980568213,1.0175451980568213,1.0175451980568213
77,0,0.2916666666666667,1.0,0.5,0.75,0.025,-1.6959086634280356,-1.6959086634280356,-1.6959086634280356,-0.33918173268560714,-0.33918173268560714,-0.33918173268560714,0.33918173268560714,0.33918173268560714,0.33918173268560714,-0.33918173268560714,0.33918173268560714,-1.0175451980568213,-0.33918173268560714,0.33918173268560714,1.0175451980568213,-1.6959086634280356,1.0175451980568213,0.33918173268560714,-1.6959086634280356,1.0175451980568213,1.0175451980568213,1.0175451980568213,1.0175451980568213,1.0175451980568213,1.0175451980568213,1.0175451980568213
78,0,0.2916666666666667,1.0,0.5,0.5,0.025,-1.6996731711975948,-1.6996731711975948,-1.6996731711975948,-0.8498365855987974,-0.8498365855987974,-0.8498365855987974,-0.8498365855987974,-0.8498365855987974,0.8498365855987974,0.0,-0.8498365855987974,0.0,0.8498365855987974,-0.8498365855987974,0.8498365855987974,0.8498365855987974,0.0,0.8498365855987974,0.0,0.0,0.8498365855987974,1.6996731711975948,0.8498365855987974,0.8498365855987974,0.8498365855987974,1.6996731711975948
79,0,0.2916666666666667,1.0,0.5,0.75,0.025,-1.6378044552010458,-1.6378044552010458,-1.6378044552010458,-0.7861461384965018,-0.7861461384965018,-0.7861461384965018,0.9171704949125858,0.9171704949125858,0.06551217820804198,0.06551217820804198,-0.7861461384965018,-2.4894627719055897,0.9171704949125858,0.9171704949125858,0.9171704949125858,0.9171704949125858,0.06551217820804198,0.9171704949125858,0.06551217820804198,0.06551217820804198,0.9171704949125858,0.9171704949125858,0.06551217820804198,0.9171704949125858,0.06551217820804198,0.9171704949125858
80,0,0.5833333333333334,1.0,0.5,0.75,0.025,-1.4487364181597444,-1.4487364181597444,-1.4487364181597444,-0.4574957109978141,-0.4574957109978141,-0.4574957109978141,0.5337449961641162,0.5337449961641162,0.5337449961641162,-0.4574957109978141,-0.4574957109978141,-2.4399771253216747,-1.4487364181597444,0.5337449961641162,1.5249857033260465,0.5337449961641162,1.5249857033260465,-0.4574957109978141,0.5337449961641162,0.5337449961641162,0.5337449961641162,0.5337449961641162,0.5337449961641162,0.5337449961641162,0.5337449961641162,1.5249857033260465
81,0,0.3333333333333333,-1.0,1.0,0.0,0.0,-1.7009666179722962,-1.7009666179722962,-1.7009666179722962,-1.7009666179722962,-1.7009666179722962,-1.7009666179722962,0.45635689750476216,0.45635689750476216,0.45635689750476216,0.45635689750476216,-0.6223048602337671,0.45635689750476216,0.45635689750476216,0.45635689750476216,1.5350186552432914,1.5350186552432914,0.45635689750476216,0.45635689750476216,0.45635689750476216,0.45635689750476216,0.45635689750476216,0.45635689750476216,0.45635689750476216,0.45635689750476216,0.45635689750476216,0.45635689750476216
82,0,0.25,-1.0,0.5,0.75,0.0,-1.187331502808283,-1.187331502808283,-1.187331502808283,-0.2793721183078311,-1.187331502808283,-1.187331502808283,-1.187331502808283,-0.2793721183078311,-0.2793721183078311,-1.187331502808283,-0.2793721183078311,-0.2793721183078311,-0.2793721183078311,-0.2793721183078311,1.5365466506930723,1.5365466506930723,1.5365466506930723,-0.2793721183078311,-0.2793721183078311,0.6285872661926206,1.5365466506930723,0.6285872661926206,1.5365466506930723,0.6285872661926206,-0.2793721183078311,1.5365466506930723
83,0,0.3333333333333333,-1.0,0.5,0.75,0.0,-1.5354230729042824,-2.384806049404524,-1.5354230729042824,-0.686040096404041,-1.5354230729042824,-0.686040096404041,-0.686040096404041,0.16334288009620046,0.16334288009620046,-0.686040096404041,0.16334288009620046,0.16334288009620046,0.16334288009620046,1.0127258565964419,1.0127258565964419,1.0127258565964419,1.0127258565964419,1.0127258565964419,1.0127258565964419,1.0127258565964419,1.0127258565964419,1.0127258565964419,0.16334288009620046,-0.686040096404041,-0.686040096404041,1.0127258565964419
84,0,0.375,-1.0,0.5,0.75,0.0,-2.1153526848098108,-2.1153526848098108,-2.1153526848098108,-0.6868028197434451,-1.401077752276628,-1.401077752276628,0.7417470453229206,0.7417470453229206,0.7417470453229206,0.027472112789737702,0.7417470453229206,0.7417470453229206,0.7417470453229206,0.7417470453229206,0.7417470453229206,0.7417470453229206,0.027472112789737702,0.027472112789737702,0.027472112789737702,0.7417470453229206,0.7417470453229206,0.027472112789737702,0.7417470453229206,-0.6868028197434451,0.7417470453229206,0.7417470453229206
85,0,0.3333333333333333,-1.0,1.0,0.0,0.0,-1.1597836174113196,-1.1597836174113196,-1.1597836174113196,-1.7751790062418158,-1.7751790062418158,-1.7751790062418158,0.6864025490801688,0.6864025490801688,0.6864025490801688,0.6864025490801688,-1.7751790062418158,0.6864025490801688,0.6864025490801688,0.6864025490801688,0.6864025490801688,0.6864025490801688,0.6864025490801688,0.6864025490801688,0.6864025490801688,0.6864025490801688,0.6864025490801688,0.6864025490801688,0.6864025490801688,0.6864025490801688,-1.1597836174113196,0.07100716024967266
86,0,0.16666666666666666,-1.0,0.5,0.25,0.025,-1.9475824762718301,-1.9475824762718301,-1.9475824762718301,-1.2343832596089064,-1.2343832596089064,-1.2343832596089064,0.9052143903798646,0.9052143903798646,0.19201517371694093,-0.5211840429459828,0.19201517371694093,0.19201517371694093,0.19201517371694093,0.9052143903798646,0.9052143903798646,0.9052143903798646,0.9052143903798646,-0.5211840429459828,-0.5211840429459828,0.9052143903798646,0.9052143903798646,0.19201517371694093,0.9052143903798646,0.9052143903798646,0.19201517371694093,0.9052143903798646
87,0,0.3333333333333333,-1.0,0.5,0.5,0.0,-1.3794609894300105,-2.019925020236801,-1.3794609894300105,-2.019925020236801,-2.019925020236801,-2.019925020236801,0.541931102990361,0.541931102990361,0.541931102990361,0.541931102990361,0.541931102990361,0.541931102990361,0.541931102990361,0.541931102990361,0.541931102990361,0.541931102990361,0.541931102990361,0.541931102990361,0.541931102990361,0.541931102990361,0.541931102990361,0.541931102990361,0.541931102990361,0.541931102990361,0.541931102990361,0.541931102990361
88,0,0.5,1.0,0.5,0.5,0.0125,-0.9309493362512629,-1.8618986725025257,-1.8618986725025257,-0.9309493362512629,-0.9309493362512629,-0.9309493362512629,0.0,0.0,0.0,-0.9309493362512629,-0.9309493362512629,0.0,0.0,0.0,1.8618986725025257,1.8618986725025257,0.9309493362512629,0.0,0.0,0.9309493362512629,0.9309493362512629,0.0,1.8618986725025257,0.0,0.0,0.9309493362512629
89,0,0.5833333333333334,-1.0,1.0,0.5,0.0,-1.4802523032536468,-1.4802523032536468,-1.4802523032536468,-0.8971226080325131,-1.4802523032536468,-1.4802523032536468,0.8522664776308876,0.8522664776308876,0.8522664776308876,-0.31399291281137953,0.8522664776308876,0.269136782409754,0.8522664776308876,0.269136782409754,0.8522664776308876,-0.31399291281137953,0.8522664776308876,-1.4802523032536468,0.8522664776308876,0.8522664776308876,-1.4802523032536468,0.8522664776308876,0.8522664776308876,0.8522664776308876,0.8522664776308876,0.269136782409754
90,0,0.375,-1.0,1.0,0.25,0.0,-0.657052556249505,-0.657052556249505,-0.657052556249505,-0.04693232544639331,-0.657052556249505,-0.04693232544639331,1.7834283669629418,1.7834283669629418,1.7834283669629418,1.17330813615983,1.7834283669629418,1.17330813615983,1.7834283669629418,-0.657052556249505,-0.657052556249505,-0.657052556249505,-0.657052556249505,-0.657052556249505,-0.657052556249505,-0.657052556249505,-0.657052556249505,-0.657052556249505,-0.657052556249505,-0.657052556249505,-0.657052556249505,-0.657052556249505
91,0,0.625,-1.0,0.5,0.75,0.0,-1.9159276395843767,-1.9159276395843767,-1.9159276395843767,-0.47204014308600584,-1.1939838913351912,-1.1939838913351912,0.9718473534123652,0.24990360516317967,0.9718473534123652,0.24990360516317967,0.24990360516317967,-0.47204014308600584,0.24990360516317967,0.9718473534123652,0.9718473534123652,0.9718473534123652,-1.1939838913351912,0.9718473534123652,0.24990360516317967,0.9718473534123652,-0.47204014308600584,0.24990360516317967,0.9718473534123652,0.9718473534123652,-0.47204014308600584,0.9718473534123652
92,0,0.3333333333333333,-1.0,1.0,0.25,0.0,-0.9584232173801047,-0.9584232173801047,-0.9584232173801047,-0.9584232173801047,-0.9584232173801047,-0.9584232173801047,1.6646297986075502,1.6646297986075502,1.6646297986075502,1.0088665446106364,1.0088665446106364,1.6646297986075502,1.6646297986075502,-0.30265996338319107,-0.30265996338319107,-0.30265996338319107,-0.30265996338319107,-0.9584232173801047,-0.30265996338319107,-0.30265996338319107,-0.9584232173801047,1.0088665446106364,-0.9584232173801047,-0.30265996338319107,-0.30265996338319107,-0.30265996338319107
93,0,0.375,-1.0,0.0,0.5,0.0,-1.9122542764785357,-1.9122542764785357,-1.9122542764785357,-1.9122542764785357,-1.2019884023579368,-1.2019884023579368,0.21854334588326108,0.21854334588326108,0.21854334588326108,0.21854334588326108,0.21854334588326108,0.21854334588326108,-0.4917225282373379,0.92880922000386,0.92880922000386,0.21854334588326108,0.92880922000386,0.92880922000386,0.21854334588326108,0.92880922000386,0.21854334588326108,0.92880922000386,0.92880922000386,0.92880922000386,0.21854334588326108,0.92880922000386
94,0,0.7083333333333334,-1.0,0.5,0.75,0.1,-1.9157873803904415,-1.9157873803904415,-1.9157873803904415,-0.5695584103863475,-0.5695584103863475,-0.5695584103863475,0.7766705596177464,0.7766705596177464,0.7766705596177464,-0.5695584103863475,0.7766705596177464,-1.9157873803904415,0.7766705596177464,-0.5695584103863475,0.7766705596177464,0.7766705596177464,0.7766705596177464,0.7766705596177464,-0.5695584103863475,0.7766705596177464,0.7766705596177464,0.7766705596177464,0.7766705596177464,0.7766705596177464,-0.5695584103863475,0.7766705596177464
95,0,0.7916666666666666,-1.0,0.5,0.5,0.35,-1.4426912711247784,-2.1007609737430983,-2.1007609737430983,-0.7846215685064585,-2.1007609737430983,-2.1007609737430983,0.5315178367301814,0.5315178367301814,0.5315178367301814,0.5315178367301814,0.5315178367301814,0.5315178367301814,0.5315178367301814,0.5315178367301814,0.5315178367301814,0.5315178367301814,0.5315178367301814,0.5315178367301814,0.5315178367301814,0.5315178367301814,0.5315178367301814,0.5315178367301814,0.5315178367301814,0.5315178367301814,0.5315178367301814,0.5315178367301814
96,0,0.2916666666666667,1.0,1.0,0.75,0.025,-1.409427715949451,-1.409427715949451,-1.409427715949451,-0.5369248441712194,-0.5369248441712194,-0.5369248441712194,-0.5369248441712194,-0.5369248441712194,0.3355780276070121,-0.5369248441712194,-0.5369248441712194,-2.2819305877276825,-0.5369248441712194,0.3355780276070121,1.2080808993852437,1.2080808993852437,1.2080808993852437,-0.5369248441712194,0.3355780276070121,1.2080808993852437,1.2080808993852437,1.2080808993852437,1.2080808993852437,0.3355780276070121,0.3355780276070121,1.2080808993852437
97,0,0.2916666666666667,1.0,0.5,0.5,0.025,-1.6996731711975948,-1.6996731711975948,-1.6996731711975948,-0.8498365855987974,-0.8498365855987974,-0.8498365855987974,-0.8498365855987974,-0.8498365855987974,0.8498365855987974,0.0,-0.8498365855987974,0.0,0.8498365855987974,-0.8498365855987974,0.8498365855987974,0.8498365855987974,0.0,0.8498365855987974,0.0,0.0,0.8498365855987974,1.6996731711975948,0.8498365855987974,0.8498365855987974,0.8498365855987974,1.6996731711975948
98,0,0.5,1.0,1.0,0.25,0.025,-1.3783875109002692,-1.3783875109002692,-1.3783875109002692,-0.809529173068412,-0.809529173068412,-0.809529173068412,0.8970458404271595,0.8970458404271595,0.8970458404271595,-1.3783875109002692,-1.3783875109002692,-1.3783875109002692,-1.3783875109002692,-0.24067083523655486,0.8970458404271595,0.3281875025953023,0.8970458404271595,0.8970458404271595,0.8970458404271595,0.8970458404271595,0.8970458404271595,0.8970458404271595,0.8970458404271595,0.8970458404271595,0.8970458404271595,0.3281875025953023
99,0,0.5,1.0,1.0,0.75,0.0,-1.3720126868910223,-1.3720126868910223,-1.3720126868910223,-1.3720126868910223,-1.3720126868910223,-1.3720126868910223,-0.5019558610576912,-0.5019558610576912,0.36810096477563997,-0.5019558610576912,-0.5019558610576912,0.36810096477563997,0.36810096477563997,-0.5019558610576912,1.2381577906089711,1.2381577906089711,1.2381577906089711,-0.5019558610576912,-0.5019558610576912,0.36810096477563997,0.36810096477563997,1.2381577906089711,1.2381577906089711,1.2381577906089711,1.2381577906089711,1.2381577906089711
100,0,0.2916666666666667,-1.0,0.5,0.5,0.025,-2.136650419831766,-2.136650419831766,-2.136650419831766,-1.46733824012543,-1.46733824012543,-1.46733824012543,0.5405982989935793,0.5405982989935793,0.5405982989935793,0.5405982989935793,0.5405982989935793,0.5405982989935793,0.5405982989935793,0.5405982989935793,0.5405982989935793,0.5405982989935793,0.5405982989935793,0.5405982989935793,0.5405982989935793,0.5405982989935793,0.5405982989935793,0.5405982989935793,0.5405982989935793,0.5405982989935793,0.5405982989935793,0.5405982989935793
101,0,0.375,-1.0,1.0,0.25,0.1,-1.638048786044921,-1.638048786044921,-1.638048786044921,-1.638048786044921,-1.638048786044921,-1.638048786044921,0.9045941057262995,0.9045941057262995,0.2689333827834944,0.2689333827834944,0.2689333827834944,0.9045941057262995,0.9045941057262995,0.2689333827834944,0.9045941057262995,0.9045941057262995,0.9045941057262995,-1.002388063102116,0.2689333827834944,0.9045941057262995,0.2689333827834944,0.2689333827834944,0.9045941057262995,0.2689333827834944,-0.3667273401593108,0.9045941057262995
102,0,0.75,1.0,1.0,0.75,0.225,-2.0741974549129143,-2.0741974549129143,-2.0741974549129143,-1.4084056792618556,-1.4084056792618556,-1.4084056792618556,0.5889696476913218,0.5889696476913218,0.5889696476913218,0.5889696476913218,0.5889696476913218,-0.7426139036107964,0.5889696476913218,0.5889696476913218,0.5889696476913218,0.5889696476913218,0.5889696476913218,0.5889696476913218,0.5889696476913218,0.5889696476913218,0.5889696476913218,0.5889696476913218,0.5889696476913218,0.5889696476913218,0.5889696476913218,0.5889696476913218
103,0,0.25,1.0,0.5,0.75,0.0,-2.189189189189189,-2.189189189189189,-2.189189189189189,-0.7837837837837834,-0.7837837837837834,-0.7837837837837834,0.6216216216216219,0.6216216216216219,0.6216216216216219,0.6216216216216219,0.6216216216216219,-1.4864864864864862,-0.7837837837837834,0.6216216216216219,0.6216216216216219,0.6216216216216219,0.6216216216216219,0.6216216216216219,0.6216216216216219,0.6216216216216219,0.6216216216216219,0.6216216216216219,0.6216216216216219,0.6216216216216219,0.6216216216216219,0.6216216216216219
104,0,0.6666666666666666,1.0,0.0,0.75,0.075,-1.9122542764785357,-1.9122542764785357,-1.9122542764785357,-0.4917225282373379,-1.2019884023579368,-0.4917225282373379,0.92880922000386,0.92880922000386,0.92880922000386,0.21854334588326108,-0.4917225282373379,-1.9122542764785357,0.21854334588326108,0.92880922000386,0.92880922000386,0.92880922000386,-0.4917225282373379,0.92880922000386,0.21854334588326108,0.92880922000386,0.21854334588326108,0.21854334588326108,0.92880922000386,0.21854334588326108,0.21854334588326108,0.92880922000386
105,0,1.0,1.0,0.5,0.5,0.275,-1.2913897923214732,-1.2913897923214732,-1.2913897923214732,-1.2913897923214732,-2.3088484165747554,-2.3088484165747554,0.7435274561850908,0.7435274561850908,-0.27393116806819123,-0.27393116806819123,-0.27393116806819123,0.7435274561850908,0.7435274561850908,-0.27393116806819123,0.7435274561850908,0.7435274561850908,0.7435274561850908,0.7435274561850908,-0.27393116806819123,0.7435274561850908,0.7435274561850908,0.7435274561850908,0.7435274561850908,0.7435274561850908,0.7435274561850908,0.7435274561850908
106,0,0.25,1.0,1.0,0.0,0.025,-1.349130814196257,-1.349130814196257,-1.349130814196257,-2.0369229939825844,-2.0369229939825844,-2.0369229939825844,0.026453545376397103,0.026453545376397103,0.026453545376397103,0.7142457251627242,0.7142457251627242,0.026453545376397103,-0.66133863440993,0.7142457251627242,0.7142457251627242,0.7142457251627242,0.7142457251627242,0.7142457251627242,0.7142457251627242,0.7142457251627242,0.7142457251627242,0.7142457251627242,0.7142457251627242,0.7142457251627242,0.7142457251627242,0.7142457251627242
107,0,0.2916666666666667,1.0,0.5,0.75,0.025,-1.8484848484848486,-1.8484848484848486,-1.8484848484848486,-1.0606060606060608,-1.0606060606060608,-1.0606060606060608,1.303030303030303,1.303030303030303,1.303030303030303,-0.2727272727272728,-0.2727272727272728,-0.2727272727272728,1.303030303030303,-0.2727272727272728,-0.2727272727272728,0.5151515151515151,0.5151515151515151,-0.2727272727272728,-0.2727272727272728,-0.2727272727272728,0.5151515151515151,0.5151515151515151,1.303030303030303,0.5151515151515151,0.5151515151515151,1.303030303030303
108,0,0.4166666666666667,1.0,1.0,0.0,0.025,-1.2857142857142856,-1.2857142857142856,-1.2857142857142856,-1.2857142857142856,-1.2857142857142856,-1.2857142857142856,0.9428571428571427,0.9428571428571427,0.19999999999999993,-1.2857142857142856,0.19999999999999993,0.9428571428571427,0.9428571428571427,0.9428571428571427,0.9428571428571427,-0.5428571428571428,-0.5428571428571428,-1.2857142857142856,0.19999999999999993,0.9428571428571427,0.9428571428571427,-0.5428571428571428,0.19999999999999993,1.6857142857142855,0.9428571428571427,0.9428571428571427
109,0,0.2916666666666667,-1.0,0.5,0.75,0.0,-1.3849306072454481,-1.3849306072454481,-1.3849306072454481,-1.3849306072454481,-1.3849306072454481,-1.3849306072454481,0.46164353574848277,0.46164353574848277,0.46164353574848277,-1.3849306072454481,0.46164353574848277,0.46164353574848277,0.46164353574848277,0.46164353574848277,1.3849306072454481,0.46164353574848277,0.46164353574848277,-1.3849306072454481,0.46164353574848277,0.46164353574848277,1.3849306072454481,0.46164353574848277,1.3849306072454481,0.46164353574848277,-0.46164353574848277,1.3849306072454481
110,0,0.2916666666666667,-1.0,1.0,0.75,0.0,-1.203858530857692,-1.9863665759151916,-1.9863665759151916,-0.4213504858001921,-1.203858530857692,-0.4213504858001921,0.3611575592573077,0.3611575592573077,0.3611575592573077,0.3611575592573077,0.3611575592573077,-0.4213504858001921,0.3611575592573077,0.3611575592573077,0.3611575592573077,0.3611575592573077,1.1436656043148075,-1.203858530857692,0.3611575592573077,1.1436656043148075,1.1436656043148075,1.1436656043148075,1.1436656043148075,0.3611575592573077,-1.9863665759151916,1.1436656043148075
111,0,0.20833333333333334,1.0,0.5,0.75,0.0,-1.3194558937007659,-2.3284515771189986,-2.3284515771189986,-1.3194558937007659,-1.3194558937007659,-1.3194558937007659,0.6985354731356999,0.6985354731356999,0.6985354731356999,-0.31046021028253296,-0.31046021028253296,-0.31046021028253296,0.6985354731356999,-0.31046021028253296,0.6985354731356999,0.6985354731356999,0.6985354731356999,0.6985354731356999,0.6985354731356999,0.6985354731356999,0.6985354731356999,0.6985354731356999,0.6985354731356999,0.6985354731356999,0.6985354731356999,0.6985354731356999
112,0,0.625,-1.0,0.5,0.75,0.05,-1.7870501915438113,-1.7870501915438113,-1.7870501915438113,-1.0830607221477644,-1.0830607221477644,-1.0830607221477644,1.0289076860403763,1.0289076860403763,0.32491821664432946,-0.3790712527517175,0.32491821664432946,-0.3790712527517175,1.0289076860403763,0.32491821664432946,0.32491821664432946,0.32491821664432946,1.0289076860403763,-1.0830607221477644,-1.0830607221477644,1.0289076860403763,1.0289076860403763,1.0289076860403763,1.0289076860403763,0.32491821664432946,0.32491821664432946,1.0289076860403763
113,0,0.5833333333333334,1.0,0.5,0.75,1.0,-2.215646837627989,-2.215646837627989,-2.215646837627989,-0.6154574548966636,-0.6154574548966636,-0.6154574548966636,0.9847319278346619,0.9847319278346619,0.9847319278346619,0.9847319278346619,0.9847319278346619,-1.4155521462623264,0.18463723646899916,0.18463723646899916,0.18463723646899916,0.18463723646899916,0.18463723646899916,0.9847319278346619,0.18463723646899916,0.18463723646899916,0.9847319278346619,0.18463723646899916,0.18463723646899916,0.18463723646899916,0.9847319278346619,0.18463723646899916
114,0,0.5416666666666666,1.0,0.5,0.75,0.075,-2.4399771253216747,-2.4399771253216747,-1.4487364181597444,-1.4487364181597444,-1.4487364181597444,-1.4487364181597444,0.5337449961641162,0.5337449961641162,0.5337449961641162,0.5337449961641162,0.5337449961641162,0.5337449961641162,0.5337449961641162,0.5337449961641162,0.5337449961641162,0.5337449961641162,0.5337449961641162,0.5337449961641162,0.5337449961641162,0.5337449961641162,0.5337449961641162,0.5337449961641162,0.5337449961641162,0.5337449961641162,0.5337449961641162,0.5337449961641162
115,0,0.8333333333333334,1.0,1.0,0.0,0.125,-0.42640143271122055,-0.42640143271122055,-0.42640143271122055,-0.42640143271122055,-0.42640143271122055,-0.42640143271122055,-0.42640143271122055,-0.42640143271122055,-0.42640143271122055,2.345207879911715,2.345207879911715,2.345207879911715,2.345207879911715,-0.42640143271122055,-0.42640143271122055,-0.42640143271122055,-0.42640143271122055,-0.42640143271122055,-0.42640143271122055,-0.42640143271122055,-0.42640143271122055,-0.42640143271122055,-0.42640143271122055,-0.42640143271122055,-0.42640143271122055,-0.42640143271122055
116,0,0.7083333333333334,-1.0,0.5,0.0,0.15,-1.7948953965443455,-1.7948953965443455,-1.7948953965443455,0.07179581586177398,-0.8615497903412858,0.07179581586177398,1.0051414220648336,1.0051414220648336,1.9384870282678934,0.07179581586177398,0.07179581586177398,-1.7948953965443455,0.07179581586177398,-0.8615497903412858,1.9384870282678934,1.0051414220648336,0.07179581586177398,0.07179581586177398,0.07179581586177398,0.07179581586177398,0.07179581586177398,0.07179581586177398,1.0051414220648336,0.07179581586177398,0.07179581586177398,0.07179581586177398
117,0,0.4166666666666667,1.0,0.5,0.5,0.075,-1.8029957434208355,-1.8029957434208355,-1.8029957434208355,-1.070528722656121,-1.070528722656121,-1.070528722656121,1.126872339638022,1.126872339638022,0.39440531887330765,-0.3380617018914067,-0.3380617018914067,-0.3380617018914067,1.126872339638022,-0.3380617018914067,0.39440531887330765,0.39440531887330765,0.39440531887330765,-1.070528722656121,0.39440531887330765,1.126872339638022,0.39440531887330765,-0.3380617018914067,1.126872339638022,1.126872339638022,1.126872339638022,1.126872339638022
118,0,0.625,-1.0,0.5,1.0,0.25,-1.7071901303791388,-2.4998141194837387,-1.7071901303791388,-0.9145661412745387,-1.7071901303791388,-0.9145661412745387,0.6706818369346613,0.6706818369346613,0.6706818369346613,-0.9145661412745387,-0.9145661412745387,-0.12194215216993873,0.6706818369346613,0.6706818369346613,0.6706818369346613,0.6706818369346613,0.6706818369346613,0.6706818369346613,0.6706818369346613,0.6706818369346613,0.6706818369346613,0.6706818369346613,0.6706818369346613,0.6706818369346613,0.6706818369346613,0.6706818369346613
119,0,0.6666666666666666,1.0,0.5,0.75,0.25,-1.8304637689836294,-1.8304637689836294,-1.8304637689836294,-1.0099110449564852,-1.0099110449564852,-1.0099110449564852,1.4517471271249474,1.4517471271249474,0.6311944030978032,0.6311944030978032,0.6311944030978032,-0.18935832092934102,0.6311944030978032,0.6311944030978032,1.4517471271249474,0.6311944030978032,-0.18935832092934102,-1.0099110449564852,-0.18935832092934102,-0.18935832092934102,-0.18935832092934102,-0.18935832092934102,0.6311944030978032,0.6311944030978032,-0.18935832092934102,1.4517471271249474
120,0,0.0,-1.0,1.0,0.25,0.05,-1.6930285216011118,-1.6930285216011118,-1.6930285216011118,-1.0550757453456205,-1.0550757453456205,-1.0550757453456205,-0.41712296909012897,0.858782583420854,0.858782583420854,0.858782583420854,0.858782583420854,-1.0550757453456205,-1.0550757453456205,0.858782583420854,0.858782583420854,0.858782583420854,-1.0550757453456205,0.858782583420854,0.858782583420854,0.858782583420854,-0.41712296909012897,0.858782583420854,0.858782583420854,0.858782583420854,0.2208298071653625,0.858782583420854
121,0,0.5,1.0,1.0,0.75,0.075,-0.9476984899448785,-0.9476984899448785,-0.9476984899448785,-0.9476984899448785,-0.9476984899448785,-0.9476984899448785,1.1949241829739774,1.1949241829739774,0.12361284651454942,0.12361284651454942,0.12361284651454942,-0.9476984899448785,0.12361284651454942,-0.9476984899448785,0.12361284651454942,0.12361284651454942,2.266235519433405,-2.0190098264043064,0.12361284651454942,0.12361284651454942,1.1949241829739774,1.1949241829739774,1.1949241829739774,-0.9476984899448785,0.12361284651454942,1.1949241829739774
122,0,0.5,-1.0,0.5,0.75,0.175,-1.3416407864998738,-2.23606797749979,-1.3416407864998738,-0.4472135954999579,-1.3416407864998738,-0.4472135954999579,0.4472135954999579,1.3416407864998738,0.4472135954999579,-0.4472135954999579,-1.3416407864998738,-0.4472135954999579,0.4472135954999579,-0.4472135954999579,1.3416407864998738,0.4472135954999579,1.3416407864998738,-0.4472135954999579,-0.4472135954999579,0.4472135954999579,1.3416407864998738,1.3416407864998738,1.3416407864998738,0.4472135954999579,-0.4472135954999579,0.4472135954999579
123,0,0.5,1.0,1.0,0.75,0.075,-0.9476984899448785,-0.9476984899448785,-0.9476984899448785,-0.9476984899448785,-0.9476984899448785,-0.9476984899448785,1.1949241829739774,1.1949241829739774,0.12361284651454942,0.12361284651454942,0.12361284651454942,-0.9476984899448785,0.12361284651454942,-0.9476984899448785,0.12361284651454942,0.12361284651454942,2.266235519433405,-2.0190098264043064,0.12361284651454942,0.12361284651454942,1.1949241829739774,1.1949241829739774,1.1949241829739774,-0.9476984899448785,0.12361284651454942,1.1949241829739774
124,0,0.625,1.0,0.0,0.75,0.1,-2.0285714285714285,-2.0285714285714285,-2.0285714285714285,-0.5428571428571428,-0.5428571428571428,-0.5428571428571428,0.19999999999999993,0.19999999999999993,0.19999999999999993,-0.5428571428571428,-1.2857142857142856,-1.2857142857142856,0.19999999999999993,0.19999999999999993,0.9428571428571427,0.9428571428571427,0.9428571428571427,0.19999999999999993,0.19999999999999993,0.9428571428571427,0.9428571428571427,0.9428571428571427,0.9428571428571427,0.9428571428571427,0.9428571428571427,0.9428571428571427
125,0,0.8333333333333334,1.0,0.5,0.75,0.175,1.0565410875907484,1.0565410875907484,1.0565410875907484,1.0565410875907484,1.0565410875907484,1.0565410875907484,-0.08804509063256258,1.0565410875907484,-0.08804509063256258,-0.08804509063256258,1.0565410875907484,-1.2326312688558736,-1.2326312688558736,-0.08804509063256258,2.2011272658140593,-0.08804509063256258,-0.08804509063256258,-1.2326312688558736,-0.08804509063256258,-0.08804509063256258,-1.2326312688558736,-1.2326312688558736,-0.08804509063256258,-1.2326312688558736,-1.2326312688558736,-1.2326312688558736
126,0,0.75,1.0,1.0,0.25,0.25,-2.242859391703049,-2.242859391703049,-2.242859391703049,-0.39161036997989734,-1.317234880841473,-0.39161036997989734,0.5340141408816785,0.5340141408816785,0.5340141408816785,-0.39161036997989734,-0.39161036997989734,0.5340141408816785,0.5340141408816785,0.5340141408816785,1.4596386517432545,0.5340141408816785,1.4596386517432545,-0.39161036997989734,0.5340141408816785,0.5340141408816785,0.5340141408816785,0.5340141408816785,0.5340141408816785,0.5340141408816785,-0.39161036997989734,0.5340141408816785
127,0,0.4166666666666667,1.0,0.0,1.0,0.0075,-2.214317693325664,-2.214317693325664,-2.214317693325664,-1.5206760062597935,-1.5206760062597935,-0.8270343191939228,0.5602490549378184,0.5602490549378184,0.5602490549378184,0.5602490549378184,0.5602490549378184,-0.1333926321280522,0.5602490549378184,0.5602490549378184,0.5602490549378184,0.5602490549378184,0.5602490549378184,0.5602490549378184,0.5602490549378184,0.5602490549378184,0.5602490549378184,0.5602490549378184,0.5602490549378184,0.5602490549378184,0.5602490549378184,0.5602490549378184
128,0,0.6666666666666666,-1.0,0.5,0.5,0.0,-2.171548313233487,-2.171548313233487,-2.171548313233487,-0.5811185626962853,-0.5811185626962853,-0.5811185626962853,0.21409631257231557,0.21409631257231557,0.21409631257231557,0.21409631257231557,0.21409631257231557,-1.3763334379648862,0.21409631257231557,0.21409631257231557,1.0093111878409164,-0.5811185626962853,1.0093111878409164,0.21409631257231557,0.21409631257231557,1.0093111878409164,1.0093111878409164,1.0093111878409164,1.0093111878409164,1.0093111878409164,0.21409631257231557,1.0093111878409164
129,0,0.3333333333333333,1.0,0.5,0.5,0.025,-1.9863665759151916,-1.9863665759151916,-1.9863665759151916,-1.203858530857692,-1.203858530857692,-1.203858530857692,1.1436656043148075,0.3611575592573077,0.3611575592573077,0.3611575592573077,0.3611575592573077,-1.203858530857692,0.3611575592573077,0.3611575592573077,0.3611575592573077,0.3611575592573077,1.1436656043148075,1.1436656043148075,0.3611575592573077,0.3611575592573077,1.1436656043148075,0.3611575592573077,0.3611575592573077,0.3611575592573077,0.3611575592573077,1.1436656043148075
130,0,0.5,-1.0,0.5,0.75,0.2,-1.6996731711975948,-1.6996731711975948,-1.6996731711975948,-1.6996731711975948,-1.6996731711975948,-1.6996731711975948,0.8498365855987974,0.8498365855987974,0.8498365855987974,0.0,0.0,0.0,0.0,0.0,0.8498365855987974,0.8498365855987974,0.8498365855987974,0.0,0.8498365855987974,0.8498365855987974,0.8498365855987974,0.8498365855987974,0.8498365855987974,0.0,0.0,0.8498365855987974
131,0,0.25,-1.0,0.5,1.0,0.025,-2.054453509033295,-2.054453509033295,-2.054453509033295,-1.2326721054199772,-1.2326721054199772,-1.2326721054199772,-0.41089070180665904,0.41089070180665904,1.2326721054199772,0.41089070180665904,1.2326721054199772,0.41089070180665904,1.2326721054199772,0.41089070180665904,0.41089070180665904,0.41089070180665904,-0.41089070180665904,1.2326721054199772,0.41089070180665904,0.41089070180665904,0.41089070180665904,0.41089070180665904,0.41089070180665904,0.41089070180665904,0.41089070180665904,0.41089070180665904
132,0,0.4583333333333333,-1.0,0.5,0.25,0.0,-2.3871122899322863,-2.3871122899322863,-2.3871122899322863,-0.8733337646093732,-0.8733337646093732,-0.8733337646093732,0.6404447607135398,0.6404447607135398,-0.11644450194791664,-0.11644450194791664,-0.11644450194791664,0.6404447607135398,-0.11644450194791664,0.6404447607135398,0.6404447607135398,0.6404447607135398,0.6404447607135398,0.6404447607135398,0.6404447607135398,0.6404447607135398,0.6404447607135398,0.6404447607135398,0.6404447607135398,0.6404447607135398,0.6404447607135398,0.6404447607135398
133,0,0.8333333333333334,1.0,1.0,0.0,0.125,-0.42640143271122055,-0.42640143271122055,-0.42640143271122055,-0.42640143271122055,-0.42640143271122055,-0.42640143271122055,-0.42640143271122055,-0.42640143271122055,-0.42640143271122055,2.345207879911715,2.345207879911715,2.345207879911715,2.345207879911715,-0.42640143271122055,-0.42640143271122055,-0.42640143271122055,-0.42640143271122055,-0.42640143271122055,-0.42640143271122055,-0.42640143271122055,-0.42640143271122055,-0.42640143271122055,-0.42640143271122055,-0.42640143271122055,-0.42640143271122055,-0.42640143271122055
134,0,0.625,1.0,0.5,0.75,0.15,-1.4908685641699781,-2.333533404787792,-2.333533404787792,-0.6482037235521644,-0.6482037235521644,-0.6482037235521644,1.037125957683463,0.1944611170656494,0.1944611170656494,0.1944611170656494,0.1944611170656494,1.037125957683463,0.1944611170656494,0.1944611170656494,1.037125957683463,1.037125957683463,1.037125957683463,-0.6482037235521644,-0.6482037235521644,0.1944611170656494,1.037125957683463,1.037125957683463,1.037125957683463,-0.6482037235521644,-0.6482037235521644,1.037125957683463
135,0,0.625,1.0,0.5,0.0,0.075,-1.2313119150962784,-1.9124631872771982,-1.9124631872771982,-1.2313119150962784,-1.9124631872771982,-1.9124631872771982,0.8121419014464816,0.8121419014464816,0.13099062926556168,0.13099062926556168,-0.5501606429153583,0.8121419014464816,0.8121419014464816,0.13099062926556168,0.8121419014464816,0.8121419014464816,0.8121419014464816,0.13099062926556168,0.13099062926556168,0.13099062926556168,0.8121419014464816,0.8121419014464816,0.8121419014464816,0.8121419014464816,0.13099062926556168,0.8121419014464816
